facility_name,operator,ultimate_owner,owner_pct,province,county_or_city,latitude,longitude,capacity_kt,status
Nanchuan Refinery,"Nanchuan Pioneer Alumina Refinery Co., Ltd.","Bosai Minerals Group Co., Ltd.",100%,Chongqing,"Chongqing, Nanchuan District, Wenfeng",29.1089,107.05,800,Assumed Active
Plant in Chongqing,Aluminum Corp. of China (Chinalco),Government,100%,Chongqing,Chongqing,30.1,107.72,800,Assumed Active
Guangxi Huayin Refinery,"Guangxi Huayin Aluminium Industry Co., Ltd.",Guangxi Investment Group Co.,33.4%,Guangxi,"Guangxi, Baise, Debao County",23.3836,106.587,2200,Assumed Active
Pingguo Refinery,Aluminum Corp. of China (Chinalco),Government,100%,Guangxi,"Guangxi, Baise, Pingguo",23.3356,107.503,2210,Assumed Active
Plant in Baise,"Guangxi Tiandong Jinsheng Chemical Co., Ltd.",Hangzhou Jinjiang Group,100%,Guangxi,"Guangxi, Baise, Tiandong County",23.6488,107.126,1000,Assumed Active
Plant in Gangkou District,Aluminum Corp. of China (Chinalco),Government,100%,Guangxi,"Guangxi, Fangchenggang, Gangkou District",21.5588,108.443,2000,Assumed Active
Plant in Jingxi,"Jingxi Tiangui Aluminum Co., Ltd.","Tianshan Aluminum Co., Ltd.",100%,Guangxi,"Guangxi, Baise, Jingxi",23.15,106.43,800,Assumed Active
Guizhou Huajin Plant,Aluminum Corp. of China (Chinalco),Government,100%,Guizhou,"Guizhou, Guiyang, Qingzhen",26.7938,106.273,1600,Assumed Active
Plant in Bonan,Aluminum Corp. of China (Chinalco),Government,100%,Guizhou,"Guizhou, Zunyi, Bozhou District, Bonan",27.5235,106.842,1000,Assumed Active
Henan Smelter,Aluminum Corp. of China (Chinalco),Government,100%,Henan,"Henan, Zhengzhou, Shangjie District",34.8169,113.273,2410,Assumed Active
Plant in Mianchi County,"Oriental Hope Aluminum Co., Ltd.","East Hope Group Co., Ltd.",100%,Henan,"Henan, Sanmenxia, Mianchi County",34.804,111.798,2200,Assumed Active
Plant in Shangjie District,Aluminum Corp. of China (Chinalco),Government,100%,Henan,"Henan, Zhengzhou, Shangjie District",34.81,113.3,20,Assumed Active
Plant in Xin'An County,"Luoyang Xiangjiang Wanji Aluminum Industry Co., Ltd.","Wanji holiding Group Co., Ltd.",100%,Henan,"Henan, Luoyang, Xin'An County",34.7363,112.049,1400,Assumed Active
Zhongzhou Refinery,Aluminum Corp. of China (Chinalco),Government,100%,Henan,"Henan, Jiaozuo, Xiuwu County",35.3768,113.446,3050,Assumed Active
Plant in Longkou,"Longkou Donghai Alumina Co., Ltd.","Shandong Nanshan Aluminum Co., Ltd.",100%,Shandong,"Shandong, Yantai, Longkou",37.7229,120.448,1400,Assumed Active
Plant in Wudi County,China Hongqiao Group Ltd.,China Hongqiao Group Ltd.,100%,Shandong,"Shandong, Binzhou, Wudi County",38.073,117.729,320,Assumed Active
Plant in Zhangdian District,Aluminum Corp. of China (Chinalco),Government,100%,Shandong,"Shandong, Zibo, Zhangdian District",36.7552,118.049,2270,Assumed Active
Shandong Weiqiao Refinery,"Shandong Weiqiao Aluminum and Electricity Co., Ltd.",China Hongqiao Group Ltd.,100%,Shandong,"Shandong, Binzhou, Zouping",36.903,117.761,15000,Assumed Active
Plant in Hejin,Aluminum Corp. of China (Chinalco),Government,100%,Shanxi,"Shanxi, Yuncheng, Hejin",35.6566,110.668,2600,Assumed Active
Plant in Yangquan,"Huayang New Material Technology Group Co., Ltd.","Huayang New Material Technology Group Co., Ltd.",,Shanxi,"Shanxi, Yangquan",37.86,113.58,1100,Assumed Active
Plant in Yuanping,"SPIC Shanxi Aluminum Co., Ltd.",State Power Investment Corp. Ltd. (Government),100%,Shanxi,"Shanxi, Xinzhou, Yuanping",38.7853,112.756,2900,Assumed Active
Plant in Zuoquan County,"Oriental Hope Aluminum Co., Ltd.","East Hope Group Co., Ltd.",100%,Shanxi,"Shanxi, Jinzhong, Zuoquan County",37.04,113.46,2400,Assumed Active
Shanxi Huaxing Refinery,Aluminum Corp. of China (Chinalco),Government,100%,Shanxi,"Shanxi, Luliang, Xing County",38.47,111.14,2000,Assumed Active
Xinghua Technology Plant,Aluminum Corp. of China (Chinalco),Government,100%,Shanxi,"Shanxi, Luliang, Jiaokou County",36.95,111.3,900,Assumed Active
Plant in Wenshan,"Yunnan Wenshan Aluminum Co., Ltd.","Yunnan Aluminium Co., Ltd. (Chinalco)",100%,Yunnan,"Yunnan, Wenshan Zhuang and Miao Autonomous Prefecture",23.4558,104.13,1400,Assumed Active
